LSOA,Name,Population,Land Area in Hectares,Anti-Social Behaviour,Burglary,Robbery,Vehicle Crimes,Violent Crimes,Shoplifting,Criminal Damage & Arson,Other Theft,Drugs,Other Crimes,Bike Theft,Possession of Weapons,Public Order,Theft From the Person
E01013453,Derby 013A,2497,47.79,205,26,6,31,136,1,50,46,20,12,5,3,28,3
E01013454,Derby 013B,1418,21.89,53,11,3,3,67,1,10,13,8,4,2,1,7,1
E01013455,Derby 017A,1855,63.71,115,19,2,16,116,93,34,33,10,9,10,14,27,2
E01013456,Derby 013C,2067,22.47,182,22,8,22,147,8,48,22,22,14,7,6,22,5
E01013457,Derby 013D,1860,24.38,60,17,2,9,112,2,31,18,7,3,3,3,17,3
E01013458,Derby 017B,1761,44.23,42,7,1,15,30,1,12,5,5,2,2,2,5,1
E01013459,Derby 020A,2134,18.01,63,13,8,11,45,1,12,14,3,2,3,2,8,2
E01013460,Derby 013E,1898,17.7,153,19,8,23,172,2,37,26,32,12,14,6,28,14
E01013461,Derby 001A,1657,60.09,25,5,1,5,20,2,9,14,2,4,2,1,5,2
E01013462,Derby 001B,1500,62.23,15,8,1,7,11,1,2,2,1,3,1,2,3,1
E01013463,Derby 001C,1509,178.73,17,7,1,4,25,3,9,4,2,2,2,2,1,1
E01013464,Derby 001D,1311,33.99,11,8,1,2,23,8,5,2,1,1,2,1,4,1
E01013465,Derby 002A,1624,44.43,34,4,3,8,35,1,3,5,1,4,1,3,7,1
E01013466,Derby 002B,1454,41.42,4,7,1,2,7,1,3,3,1,1,1,1,3,1
E01013467,Derby 002C,1346,26.97,14,2,1,2,13,1,3,3,1,1,1,1,1,1
E01013468,Derby 002D,1563,164.36,46,6,3,16,39,14,4,59,2,5,4,1,10,1
E01013469,Derby 002E,1269,35.39,34,16,2,10,14,11,6,3,1,4,9,2,4,1
E01013470,Derby 024A,1404,95.51,52,14,1,12,48,1,11,8,4,6,3,4,14,1
E01013471,Derby 025A,1902,21.74,59,15,1,12,115,1,32,14,6,2,6,3,9,2
E01013472,Derby 026A,2305,80.26,223,33,14,17,139,58,40,45,9,11,10,4,41,3
E01013473,Derby 025B,1566,26.83,102,19,1,14,150,13,33,22,9,10,11,2,24,8
E01013474,Derby 024B,1546,30.48,47,10,2,17,88,3,35,16,5,6,11,5,31,1
E01013475,Derby 025C,1608,21.43,72,7,3,5,101,1,21,11,8,7,3,4,10,1
E01013476,Derby 024C,1392,72.76,35,15,2,5,42,1,14,5,2,4,3,1,3,1
E01013477,Derby 025D,1658,39.76,59,11,3,6,82,1,18,12,6,5,5,4,10,2
E01013479,Derby 013F,3402,87.52,1359,158,79,60,1280,613,196,382,150,46,170,60,404,202
E01013480,Derby 016A,2505,34.08,552,48,36,30,330,137,78,97,65,20,38,14,114,28
E01013481,Derby 018A,1974,23.72,157,14,12,5,116,3,29,19,14,7,7,4,16,5
E01013483,Derby 016B,2236,21.15,206,30,8,27,106,28,35,24,20,7,13,3,22,10
E01013484,Derby 018C,2117,19.9,236,27,22,15,203,27,29,39,30,19,9,11,47,15
E01013485,Derby 016C,2322,12.81,58,22,2,5,47,1,16,13,8,3,2,1,5,1
E01013486,Derby 018D,2262,24.58,57,10,2,5,81,1,21,11,5,5,3,3,5,2
E01013487,Derby 018E,2736,29.02,211,28,5,22,166,23,53,30,18,11,2,7,42,4
E01013488,Derby 022A,1527,41.86,28,11,3,6,33,7,11,6,2,2,1,2,6,4
E01013489,Derby 022B,1474,38.64,17,8,5,3,20,2,10,5,1,3,1,2,3,1
E01013490,Derby 022C,1481,56.16,28,9,4,7,36,1,8,7,2,6,2,2,11,1
E01013491,Derby 022D,1700,32.03,22,12,3,3,31,2,10,6,3,6,1,1,7,1
E01013492,Derby 027A,1529,45,28,13,3,16,23,2,8,3,2,2,2,1,5,3
E01013493,Derby 027B,1486,23.41,73,13,1,5,43,2,15,1,1,2,1,1,9,2
E01013494,Derby 027C,1838,70.22,35,15,1,10,48,2,7,3,4,4,1,5,5,3
E01013495,Derby 027D,1777,28.6,27,22,3,19,53,7,15,16,8,4,1,1,8,1
E01013496,Derby 028A,1467,23.87,86,30,3,7,121,5,43,9,6,8,3,4,23,1
E01013497,Derby 026B,1537,29.59,96,19,8,14,97,7,25,14,19,6,6,4,24,2
E01013498,Derby 028B,1409,49.36,31,19,4,8,44,1,17,8,4,4,3,3,10,1
E01013499,Derby 028C,1491,61.83,55,13,2,12,66,3,21,14,7,8,6,2,4,2
E01013500,Derby 028D,1601,29.61,38,9,3,3,62,1,11,5,3,2,1,1,5,2
E01013501,Derby 028E,1338,29.64,31,13,1,15,51,6,14,7,5,5,3,1,10,3
E01013502,Derby 025E,1385,30.12,57,15,1,9,61,2,23,9,4,7,4,1,7,1
E01013503,Derby 025F,1475,32.05,31,10,1,7,49,1,12,14,1,6,4,1,7,2
E01013504,Derby 026C,1928,33.85,113,20,10,18,127,31,43,14,6,9,6,6,24,6
E01013505,Derby 006A,1409,23.3,9,2,1,2,29,1,7,5,2,3,3,2,5,1
E01013506,Derby 006B,1514,58.58,75,9,3,6,51,3,9,10,2,3,4,2,8,2
E01013507,Derby 012A,1425,43.87,50,9,3,13,22,56,9,70,3,3,2,3,11,1
E01013508,Derby 012B,1225,36.35,81,6,2,12,61,2,18,5,3,6,3,3,11,1
E01013509,Derby 012C,1554,48.41,51,15,1,14,38,7,15,15,6,6,6,2,8,1
E01013510,Derby 012D,1539,25.33,50,6,1,5,55,1,18,5,2,2,1,1,7,1
E01013511,Derby 012E,1475,43.57,50,8,1,5,25,26,8,4,2,2,1,1,8,2
E01013512,Derby 012F,1414,82.98,95,2,1,11,89,64,25,19,3,8,3,4,24,1
E01013513,Derby 006C,1408,26.53,26,5,1,5,31,6,7,3,1,3,1,2,10,1
E01013514,Derby 031A,1531,37.3,47,5,2,11,45,1,10,7,1,3,3,2,7,2
E01013515,Derby 031B,1981,68.63,78,9,1,20,78,7,20,17,2,5,2,2,20,3
E01013517,Derby 030B,1366,50.38,72,8,6,10,57,1,19,11,4,1,2,4,13,4
E01013518,Derby 030C,1460,34.09,28,7,4,19,35,15,9,31,1,6,1,1,7,2
E01013519,Derby 031C,1603,68.9,26,3,2,4,52,1,9,7,1,4,1,1,5,1
E01013520,Derby 031D,1871,54.37,25,2,2,6,33,1,11,8,2,4,1,1,5,1
E01013521,Derby 030D,1291,25.87,37,7,1,7,53,1,14,9,2,1,5,1,4,2
E01013522,Derby 008A,1908,35.57,149,32,12,14,123,12,27,24,8,6,8,3,17,3
E01013523,Derby 008B,1990,43.43,231,25,8,13,244,41,67,49,82,19,8,15,139,6
E01013524,Derby 008C,2727,22.61,117,44,16,32,137,4,43,32,19,9,26,8,25,4
E01013525,Derby 008D,1985,91.54,74,21,2,16,84,2,18,24,13,4,6,5,25,1
E01013526,Derby 005A,1551,173.97,23,9,1,13,14,1,6,6,3,3,1,1,4,1
E01013527,Derby 005B,1500,53.96,27,11,1,21,32,1,16,5,3,7,2,4,10,2
E01013528,Derby 005C,1610,31.7,52,19,4,29,46,1,14,6,3,1,4,1,4,1
E01013529,Derby 005D,2299,62.54,55,21,5,15,55,15,20,14,2,4,8,1,12,1
E01013530,Derby 004A,1620,115.9,78,24,3,22,64,63,29,57,5,5,6,1,24,5
E01013531,Derby 004B,1411,28.5,48,7,1,7,55,8,19,5,1,7,1,1,17,1
E01013532,Derby 004C,1477,40.82,65,3,1,6,69,1,25,11,4,4,3,3,8,1
E01013533,Derby 007A,1598,24.5,110,6,7,9,130,30,25,11,6,7,2,6,24,5
E01013534,Derby 006D,1590,26.59,40,6,1,10,47,13,7,8,3,5,2,1,6,1
E01013535,Derby 007B,1665,19.18,69,6,1,3,81,1,35,14,3,3,5,3,11,3
E01013536,Derby 007C,1652,91.82,221,19,6,28,163,3,56,31,18,12,13,4,38,5
E01013537,Derby 007D,1567,33.36,43,6,3,7,46,4,7,6,4,5,1,1,11,2
E01013538,Derby 007E,1369,132.88,48,15,2,12,49,6,24,28,8,2,2,2,9,1
E01013539,Derby 021A,2505,43.23,37,8,1,7,26,1,6,5,2,2,1,1,12,1
E01013540,Derby 019A,1588,66.27,36,4,2,12,29,1,2,3,1,1,2,1,8,1
E01013541,Derby 021B,1673,72.46,75,19,3,12,79,3,16,13,6,3,1,2,17,2
E01013542,Derby 017C,2374,108.05,118,20,3,21,259,29,42,50,22,4,9,6,27,3
E01013543,Derby 021C,1710,56.83,61,14,3,17,92,4,13,36,11,7,16,3,23,3
E01013544,Derby 021D,1818,108.65,22,7,2,5,25,1,5,5,3,3,3,3,2,1
E01013545,Derby 021E,1770,53.89,34,5,1,13,32,1,13,5,7,2,1,1,11,1
E01013546,Derby 017D,1577,38.23,42,13,1,9,35,16,10,8,7,3,2,4,7,1
E01013547,Derby 011A,1789,19.47,52,15,4,14,58,3,25,14,8,4,4,2,14,1
E01013548,Derby 009A,1705,39.91,30,7,2,8,41,1,9,8,1,4,1,2,9,2
E01013549,Derby 009B,1362,47.78,115,3,1,19,83,1,18,9,3,3,1,3,10,1
E01013550,Derby 011B,1172,22.15,51,6,3,4,56,6,11,8,5,6,3,5,10,1
E01013551,Derby 011C,1694,14.24,34,5,2,3,43,1,11,5,4,4,4,3,6,1
E01013552,Derby 009C,1629,37.04,57,6,2,9,87,10,27,5,2,5,4,6,18,3
E01013553,Derby 009D,1524,33.03,69,4,3,9,67,1,22,10,7,8,3,1,25,3
E01013554,Derby 011D,1657,20.62,80,18,3,12,87,1,20,20,7,5,6,3,12,1
E01013555,Derby 009E,2497,51.79,111,10,2,17,98,5,24,9,5,9,2,2,17,2
E01013556,Derby 015A,1302,28.11,5,4,1,3,13,1,5,4,2,2,1,1,3,2
E01013557,Derby 015B,1233,36.31,19,4,2,6,18,2,4,4,1,1,2,1,8,1
E01013558,Derby 015C,2583,102.78,46,9,1,21,62,1,11,9,5,9,4,2,13,1
E01013559,Derby 015D,1323,22.83,28,3,1,5,30,1,10,1,4,3,1,1,4,1
E01013560,Derby 019B,1394,42.16,20,3,2,3,24,12,9,6,1,2,1,1,5,3
E01013561,Derby 019C,1451,38.55,25,8,4,6,33,17,9,11,1,4,1,1,6,2
E01013562,Derby 019D,1205,40.3,37,2,5,6,21,1,22,4,6,1,2,3,5,3
E01013563,Derby 019E,1274,26.42,25,5,1,3,32,1,9,3,1,2,1,1,3,1
E01013564,Derby 015E,2043,101.91,32,14,1,13,35,1,5,5,3,1,1,2,7,1
E01013565,Derby 016D,1972,14.32,45,6,2,7,45,1,9,11,7,7,3,1,8,1
E01013566,Derby 016E,2447,17.35,174,19,11,10,137,3,21,21,7,8,2,5,23,6
E01013567,Derby 020B,2491,13.53,80,7,4,14,101,1,15,18,10,5,1,5,12,3
E01013568,Derby 020C,2509,29.35,77,8,4,7,93,4,18,10,6,10,3,3,6,2
E01013569,Derby 020D,1742,22.54,76,7,4,13,77,1,16,10,6,3,5,4,14,2
E01013570,Derby 023A,2365,22.18,104,20,3,8,112,29,20,14,5,8,3,4,16,3
E01013571,Derby 023B,2122,41.65,112,18,3,16,176,1,21,29,14,12,6,4,24,5
E01013572,Derby 023C,1906,29.02,41,7,1,3,43,1,7,7,2,3,3,1,7,2
E01013573,Derby 023D,2191,36.36,65,6,1,7,113,2,24,17,7,9,4,5,24,1
E01013574,Derby 003A,1435,45.98,12,9,1,17,38,1,16,3,3,3,2,1,4,1
E01013575,Derby 003B,1356,25.88,29,5,2,9,31,1,10,5,5,2,2,2,2,3
E01013576,Derby 003C,1390,28.07,9,4,1,11,19,1,10,3,4,5,1,2,2,1
E01013577,Derby 003D,1444,39.19,24,7,1,13,29,1,9,3,1,1,1,2,3,1
E01013578,Derby 003E,1312,27.71,9,5,1,14,13,7,6,4,1,1,1,1,1,1
E01013579,Derby 003F,1359,45.28,27,12,1,4,10,1,4,2,2,2,1,1,3,1
E01013580,Derby 003G,1359,25.71,12,8,1,6,16,1,5,5,1,1,1,1,6,1
E01013581,Derby 004D,1485,22.94,52,7,1,11,86,1,13,8,8,7,1,4,13,1
E01013582,Derby 006E,1468,24.78,40,19,2,9,47,31,10,10,1,4,3,2,8,1
E01013583,Derby 026D,1830,75.83,78,6,2,6,71,1,23,11,3,4,3,3,8,3
E01013584,Derby 029A,1937,186.26,114,20,6,23,138,51,34,65,14,11,10,5,34,3
E01013585,Derby 029B,1772,67.86,82,19,4,16,107,25,28,13,8,8,6,6,14,3
E01013586,Derby 029C,1620,20.72,76,18,2,8,107,2,26,13,6,7,3,6,15,2
E01013587,Derby 029D,1648,20.78,26,9,2,7,48,1,15,4,4,1,1,3,3,1
E01013588,Derby 029E,1499,214.09,108,14,2,17,139,117,50,27,12,10,6,6,24,3
E01013589,Derby 029F,1407,30.27,15,7,1,13,27,1,6,3,1,1,1,1,2,1
E01013590,Derby 026E,2228,45.82,77,10,2,12,153,6,29,16,12,5,3,7,23,1
E01013591,Derby 026F,2232,25.43,97,16,2,9,140,11,37,13,5,5,5,3,19,1
E01013592,Derby 010A,1348,30.9,41,7,3,9,39,32,13,8,1,2,2,1,12,2
E01013593,Derby 014A,1305,34.23,22,9,1,4,19,1,2,2,1,6,1,2,2,1
E01013594,Derby 010B,1227,61.3,13,5,1,10,21,1,2,6,2,3,1,1,2,1
E01013595,Derby 014B,2454,447.56,97,30,2,40,85,49,30,44,2,2,1,3,14,5
E01013596,Derby 010C,1467,89.32,45,12,2,10,30,1,6,3,2,7,2,3,5,1
E01013597,Derby 014C,1442,33.67,54,7,3,15,58,1,9,8,4,2,3,5,6,1
E01013598,Derby 014D,1501,58.46,29,13,1,12,52,1,11,7,2,2,3,3,5,1
E01013599,Derby 010D,1383,41.57,8,7,1,5,13,1,2,2,1,1,1,1,2,1
E01019594,Derbyshire Dales 009A,1936,100.64,46,6,2,6,47,1,12,7,2,10,2,1,9,1
E01019595,Derbyshire Dales 008A,1952,884.69,39,9,1,3,60,19,21,8,4,7,2,3,9,2
E01019596,Derbyshire Dales 009B,1770,66.56,28,18,1,3,16,9,7,4,1,3,1,1,4,1
E01019597,Derbyshire Dales 009C,1999,114.88,9,12,1,8,24,1,4,8,3,7,1,1,4,1
E01019598,Derbyshire Dales 009D,1802,67.2,73,9,2,10,84,20,22,17,5,9,1,2,28,5
E01019599,Derbyshire Dales 003A,1368,1782.71,30,8,1,9,19,1,9,7,2,2,1,1,1,1
E01019600,Derbyshire Dales 002A,1512,2037,42,6,1,7,46,38,11,9,1,2,3,1,6,4
E01019601,Derbyshire Dales 003B,1527,106.5,25,10,1,6,19,6,5,6,4,1,1,2,7,2
E01019602,Derbyshire Dales 001A,1801,2420.33,11,7,1,3,16,2,5,6,1,1,2,1,3,1
E01019603,Derbyshire Dales 010A,1829,3866.74,13,14,1,3,29,1,7,9,4,6,1,1,6,1
E01019604,Derbyshire Dales 002B,1705,1529.41,22,7,1,5,7,11,4,9,3,2,1,1,12,1
E01019605,Derbyshire Dales 008B,1826,6605.6,21,6,1,10,32,1,9,21,7,3,1,2,5,15
E01019606,Derbyshire Dales 002C,1650,5238.77,27,5,1,17,9,4,7,8,2,1,1,2,6,1
E01019607,Derbyshire Dales 010B,1815,4551.74,17,10,1,7,6,5,7,7,1,8,1,1,4,2
E01019608,Derbyshire Dales 004A,1735,153.61,39,9,1,4,47,6,11,3,2,1,2,1,11,2
E01019609,Derbyshire Dales 005A,2631,636.72,38,7,1,4,37,1,7,5,6,3,2,1,7,2
E01019610,Derbyshire Dales 004B,1488,927.23,16,2,1,1,12,4,6,7,2,1,1,1,4,1
E01019611,Derbyshire Dales 008C,1612,6309.05,12,7,1,11,27,1,8,14,3,7,1,3,4,1
E01019612,Derbyshire Dales 010C,2789,3244.46,13,9,1,21,34,2,9,8,5,43,1,2,4,1
E01019613,Derbyshire Dales 003C,1683,6892.2,15,8,1,3,22,1,6,8,1,2,1,1,4,1
E01019614,Derbyshire Dales 001B,1652,1186.88,34,10,1,20,12,3,10,12,2,1,3,1,1,1
E01019615,Derbyshire Dales 001C,2155,3934.64,43,10,1,9,24,7,18,15,1,1,2,1,6,2
E01019616,Derbyshire Dales 008D,1776,2891.86,12,2,1,3,20,1,6,13,2,3,2,3,3,1
E01019617,Derbyshire Dales 003D,1560,3928.42,19,4,1,4,17,1,11,4,1,6,1,1,5,1
E01019618,Derbyshire Dales 002D,1470,3131.21,19,14,1,3,13,1,5,10,2,3,1,1,4,1
E01019619,Derbyshire Dales 006A,1409,761.61,37,11,1,7,42,3,11,11,6,2,1,2,9,2
E01019620,Derbyshire Dales 006B,1581,1142.55,64,13,1,3,33,5,15,22,3,2,1,1,12,3
E01019621,Derbyshire Dales 005B,1495,357.06,26,7,1,3,29,1,10,5,1,1,1,1,7,1
E01019622,Derbyshire Dales 005C,1479,81.45,35,2,1,3,16,1,5,4,1,2,1,1,4,1
E01019623,Derbyshire Dales 006C,1430,216.13,82,13,2,6,97,43,20,20,11,2,3,2,13,7
E01019624,Derbyshire Dales 005D,1194,77.6,48,5,2,7,32,14,8,17,13,2,1,1,16,2
E01019625,Derbyshire Dales 006D,1641,36.68,73,5,1,5,88,2,22,4,8,10,1,1,10,1
E01019626,Derbyshire Dales 006E,1405,518.44,47,9,5,10,32,5,6,7,6,4,2,1,2,1
E01019627,Derbyshire Dales 005E,1132,488.71,16,12,2,4,14,3,8,6,2,3,1,1,2,1
E01019628,Derbyshire Dales 005F,1465,127.14,25,5,1,2,27,1,11,10,4,1,1,1,10,2
E01019629,Derbyshire Dales 010D,1744,5441.66,7,6,1,1,15,1,5,5,1,4,1,1,3,1
E01019630,Derbyshire Dales 004C,1817,1686.99,30,4,1,8,13,1,4,12,1,2,1,2,12,1
E01019631,Derbyshire Dales 001D,1725,1837.26,20,21,1,4,15,1,7,2,1,4,2,1,5,1
E01019632,Derbyshire Dales 006F,1724,2217.3,23,5,1,5,25,1,6,4,2,5,1,1,6,1
E01019633,Derbyshire Dales 007A,1601,389.3,20,5,1,5,18,1,5,4,2,3,1,1,4,1
E01019634,Derbyshire Dales 007B,1644,856.1,17,8,1,3,18,1,7,4,5,1,2,1,3,1
E01019635,Derbyshire Dales 007C,1231,287.71,20,6,1,3,12,4,4,7,6,1,1,1,5,1
E01019636,Derbyshire Dales 007D,1662,112.47,46,6,1,4,36,2,7,4,3,1,1,3,4,1
E01019769,North East Derbyshire 010A,1921,3867.71,30,13,1,9,28,1,14,11,2,1,1,3,4,1
E01019770,North East Derbyshire 005A,1957,3982.14,24,18,1,16,30,1,6,13,1,1,1,1,3,2
E01019771,North East Derbyshire 008A,2083,2613.84,72,18,1,6,28,1,5,13,7,2,1,2,13,2
E01019772,North East Derbyshire 008B,1641,1526.46,23,10,2,11,17,3,14,11,3,2,1,1,3,1
E01019773,North East Derbyshire 012A,2492,100.85,220,13,3,14,143,14,46,24,7,5,2,2,21,2
E01019774,North East Derbyshire 010B,1707,607.7,27,4,1,5,29,1,9,1,1,3,1,2,6,2
E01019775,North East Derbyshire 012B,2089,192.51,81,15,2,8,73,2,17,24,9,5,2,1,6,2
E01019776,North East Derbyshire 012C,1314,114.24,27,5,2,8,33,1,17,6,1,1,2,1,6,1
E01019777,North East Derbyshire 012D,2483,124.21,70,18,3,6,127,2,28,16,3,2,2,1,23,2
E01019778,North East Derbyshire 002A,1569,161.06,21,12,1,10,10,1,5,3,1,1,1,1,4,1
E01019779,North East Derbyshire 002B,1604,74.86,13,6,1,4,7,4,6,6,1,2,1,2,4,1
E01019780,North East Derbyshire 004A,1443,30.5,18,4,1,12,41,4,6,16,3,1,1,2,9,1
E01019781,North East Derbyshire 004B,1387,81.04,8,6,2,5,14,7,2,2,2,1,1,1,2,1
E01019782,North East Derbyshire 004C,1360,128.92,39,17,1,10,30,6,13,8,1,2,1,1,8,2
E01019783,North East Derbyshire 006A,1280,25.96,8,5,1,3,10,1,4,1,1,1,1,1,2,1
E01019784,North East Derbyshire 006B,1238,49.34,3,2,1,1,4,1,1,2,1,1,1,1,1,1
E01019785,North East Derbyshire 006C,1243,107.67,12,5,1,3,4,1,2,3,1,2,1,1,5,1
E01019786,North East Derbyshire 004D,1531,60.59,119,16,2,4,46,8,11,3,1,2,3,3,9,2
E01019787,North East Derbyshire 005B,1786,251.23,21,12,5,10,16,1,5,9,1,4,1,2,11,1
E01019788,North East Derbyshire 005C,1614,199.38,7,5,1,8,4,1,1,5,1,2,2,1,1,1
E01019790,North East Derbyshire 002C,1816,161.97,36,6,1,10,28,1,7,6,2,2,1,1,3,1
E01019791,North East Derbyshire 014A,1870,467.25,61,18,3,10,57,11,23,19,4,3,1,1,5,1
E01019792,North East Derbyshire 014B,2054,91.83,44,6,1,7,38,1,15,6,5,3,1,2,3,2
E01019793,North East Derbyshire 006D,1415,104.88,10,7,1,4,9,1,9,6,1,1,1,1,4,1
E01019794,North East Derbyshire 005D,1379,49.78,17,11,1,10,8,1,3,4,1,1,1,1,2,1
E01019795,North East Derbyshire 006E,2226,71.25,31,9,4,7,21,4,11,15,1,2,1,1,5,1
E01019796,North East Derbyshire 009A,1191,78.64,49,6,1,3,62,1,17,7,4,1,1,1,5,1
E01019797,North East Derbyshire 009B,1716,44.09,67,7,1,14,39,1,17,10,2,3,1,2,6,2
E01019798,North East Derbyshire 007A,1600,563.79,40,6,2,3,34,3,4,6,6,1,1,2,3,1
E01019799,North East Derbyshire 009C,2331,744.79,122,20,1,21,105,2,21,23,10,4,1,3,24,1
E01019800,North East Derbyshire 009D,1774,117.84,51,8,1,12,58,9,20,36,1,3,2,1,17,1
E01019801,North East Derbyshire 001A,1150,174.85,11,5,1,3,11,1,6,4,3,2,1,1,1,1
E01019802,North East Derbyshire 001B,1294,29.68,26,18,2,8,11,6,10,6,2,1,1,1,7,1
E01019803,North East Derbyshire 001C,1308,127.01,16,15,1,13,24,1,18,7,8,4,1,2,1,2
E01019804,North East Derbyshire 001D,1335,20.78,20,4,1,8,15,1,4,4,2,3,2,1,2,1
E01019805,North East Derbyshire 001E,1297,199.22,20,3,2,5,11,1,5,7,1,2,1,1,6,1
E01019806,North East Derbyshire 001F,1635,50.62,24,8,1,12,33,1,5,5,1,2,1,1,1,1
E01019807,North East Derbyshire 001G,1522,26.33,26,14,1,14,56,2,20,5,5,6,1,3,7,1
E01019808,North East Derbyshire 009E,1715,194.3,76,12,3,2,60,11,24,16,5,7,1,4,8,2
E01019809,North East Derbyshire 011A,1068,130.71,33,3,1,7,18,1,4,2,2,3,1,1,6,1
E01019810,North East Derbyshire 011B,1517,60.92,44,13,3,3,58,1,17,11,6,2,1,6,9,1
E01019811,North East Derbyshire 011C,1512,62.09,9,5,1,2,10,1,3,4,3,3,1,1,4,1
E01019812,North East Derbyshire 011D,2009,452,26,7,2,7,32,1,8,6,2,2,1,2,4,1
E01019813,North East Derbyshire 011E,1709,178.61,37,7,2,5,50,3,11,5,3,2,2,2,5,1
E01019814,North East Derbyshire 013A,1824,999.03,19,9,1,5,12,2,3,12,2,2,1,1,3,1
E01019815,North East Derbyshire 014C,2749,368.08,40,15,1,12,63,5,19,20,3,7,1,1,8,1
E01019816,North East Derbyshire 002D,1650,1537.33,40,16,1,12,14,1,10,9,4,2,2,1,8,1
E01019817,North East Derbyshire 013B,1243,118.36,50,6,1,4,59,1,11,6,2,4,1,3,9,2
E01019818,North East Derbyshire 013C,1689,209.97,26,7,1,3,55,1,19,6,1,1,1,2,10,1
E01019819,North East Derbyshire 013D,1631,1638.03,19,11,1,7,20,1,12,17,1,1,1,3,4,1
E01019820,North East Derbyshire 013E,1560,251.39,36,6,1,4,32,1,13,7,2,2,1,4,4,1
E01019821,North East Derbyshire 007B,1397,382.02,26,10,1,5,27,1,9,6,1,1,2,2,3,1
E01019822,North East Derbyshire 007C,1640,1463.2,36,7,1,4,29,3,10,11,4,4,1,1,8,1
E01019823,North East Derbyshire 007D,1112,51.52,31,6,1,6,35,4,9,10,2,1,1,1,5,1
E01019824,North East Derbyshire 010C,1632,183.98,22,2,1,10,44,1,14,5,1,4,1,3,6,1
E01019825,North East Derbyshire 011F,1463,151.34,30,2,1,11,22,4,7,7,2,5,1,1,11,2
E01019826,North East Derbyshire 009F,1385,58.26,24,6,1,4,39,2,6,11,3,2,1,1,10,1
E01019827,North East Derbyshire 004E,1793,1044.75,32,11,2,8,34,1,10,10,4,3,1,1,6,1
E01019828,North East Derbyshire 008C,1371,126.85,3,15,1,3,3,1,2,3,2,1,1,1,2,1
E01019829,North East Derbyshire 008D,1417,103.8,20,6,1,6,17,1,5,4,3,2,1,1,1,1
E01019830,North East Derbyshire 010D,1394,158.15,9,10,1,7,8,1,2,5,2,1,1,1,1,1
E01019831,North East Derbyshire 010E,1382,92.19,7,4,1,2,12,1,5,4,1,1,1,1,3,1
E01019832,South Derbyshire 004A,1775,1308.15,42,12,1,18,55,2,20,26,1,3,1,2,9,1
E01019833,South Derbyshire 004B,2136,562.93,20,9,1,11,31,1,4,8,5,1,1,2,8,1
E01019834,South Derbyshire 004C,2342,1852.08,39,15,2,8,18,4,6,28,3,1,1,1,5,1
E01019835,South Derbyshire 004D,2640,536.51,36,16,2,17,47,1,12,10,5,2,1,1,11,1
E01019837,South Derbyshire 012A,2117,117.98,68,19,1,17,57,31,22,6,8,3,1,3,25,1
E01019838,South Derbyshire 012B,1591,36.21,30,4,2,8,25,2,13,6,7,4,1,1,4,1
E01019839,South Derbyshire 001A,2453,2448.8,18,12,1,13,28,2,12,19,4,1,1,1,4,1
E01019840,South Derbyshire 002A,1760,205.68,13,6,1,4,17,1,7,4,2,1,3,1,4,1
E01019841,South Derbyshire 002B,1725,1207.96,29,12,1,7,36,2,6,12,2,9,2,4,9,2
E01019842,South Derbyshire 013A,1838,341.56,41,9,1,9,68,1,23,5,7,3,2,4,11,1
E01019843,South Derbyshire 006A,1554,2514.03,29,19,1,8,19,1,9,19,9,1,1,2,11,1
E01019844,South Derbyshire 007A,1496,168.73,27,8,4,8,46,1,8,5,3,6,1,4,11,1
E01019845,South Derbyshire 001B,1323,97.55,12,2,1,7,9,1,6,9,1,1,1,2,1,1
E01019846,South Derbyshire 001C,1407,47.38,22,5,1,6,24,1,6,4,2,1,2,2,6,1
E01019847,South Derbyshire 002C,1365,206.2,16,6,1,10,21,2,3,10,1,1,1,2,3,4
E01019848,South Derbyshire 002D,2718,155.57,16,13,1,12,33,1,15,5,3,3,2,1,5,1
E01019850,South Derbyshire 011A,2107,1810.22,13,7,1,11,28,2,13,9,1,2,2,2,6,1
E01019851,South Derbyshire 011B,1602,208.29,32,7,2,11,32,1,12,8,2,1,2,2,9,1
E01019852,South Derbyshire 011C,2252,378,45,9,1,8,47,1,16,6,2,2,1,1,2,1
E01019853,South Derbyshire 006B,1680,311.32,29,8,1,6,18,1,14,5,4,1,2,1,3,1
E01019854,South Derbyshire 006C,2089,103.78,41,14,2,7,28,2,12,10,2,4,1,3,9,1
E01019855,South Derbyshire 006D,1545,1056.84,26,11,1,4,21,5,9,12,5,3,1,1,1,1
E01019856,South Derbyshire 007B,1528,26.26,48,2,4,3,43,1,3,7,2,1,1,1,8,1
E01019857,South Derbyshire 007C,1421,50.19,9,2,1,5,20,1,10,2,2,2,1,1,3,1
E01019858,South Derbyshire 007D,1640,30.82,25,6,2,5,43,1,9,6,2,5,2,1,1,1
E01019859,South Derbyshire 007E,1765,44.52,21,10,1,8,27,15,4,6,2,3,1,1,4,1
E01019860,South Derbyshire 008A,1310,24.24,20,3,1,8,15,11,4,1,1,2,1,1,6,1
E01019861,South Derbyshire 008B,1797,50.4,67,5,1,6,48,2,13,2,7,2,2,4,12,1
E01019862,South Derbyshire 008C,1605,478.59,53,6,1,11,34,2,13,9,5,8,1,4,6,1
E01019863,South Derbyshire 008D,1760,31.35,49,13,2,8,89,2,22,11,3,4,1,2,16,2
E01019864,South Derbyshire 008E,1441,73.06,40,7,1,3,52,2,19,10,3,3,1,5,7,3
E01019865,South Derbyshire 008F,1326,35.35,18,1,2,5,65,1,7,5,1,3,1,2,6,2
E01019866,South Derbyshire 001D,2498,5089.49,19,15,1,10,43,1,4,11,8,9,1,2,5,1
E01019867,South Derbyshire 005A,1861,1622.77,26,7,2,7,9,1,11,1,4,2,1,1,5,3
E01019868,South Derbyshire 005B,1963,2605.66,18,10,1,6,34,1,4,5,3,3,1,1,4,1
E01019869,South Derbyshire 005C,1624,490.52,14,5,1,5,18,1,5,9,2,3,2,1,2,1
E01019870,South Derbyshire 011D,1758,1887.2,29,13,2,12,39,1,19,6,2,1,1,1,3,1
E01019871,South Derbyshire 011E,1788,1797.77,36,8,1,9,24,1,3,12,4,1,1,1,8,13
E01019872,South Derbyshire 011F,2177,399.63,28,9,2,24,49,3,12,11,4,3,1,2,7,1
E01019873,South Derbyshire 003A,2535,689.72,35,14,2,16,61,1,15,9,4,2,1,1,4,1
E01019874,South Derbyshire 003B,1489,25.87,11,9,2,6,20,1,6,4,1,1,1,1,5,1
E01019875,South Derbyshire 003C,1441,23.48,21,10,2,6,31,1,10,7,1,3,3,2,4,1
E01019876,South Derbyshire 009A,1978,52.2,77,18,6,16,74,2,16,17,15,4,3,7,16,3
E01019877,South Derbyshire 009B,2019,62.42,227,19,5,19,144,62,50,36,22,15,5,3,58,15
E01019878,South Derbyshire 009C,1535,29.75,34,2,1,9,35,2,5,4,2,5,2,3,6,1
E01019879,South Derbyshire 009D,2120,95.67,28,6,2,16,33,42,9,11,4,5,1,1,5,1
E01019880,South Derbyshire 005D,1718,272.97,14,5,1,7,15,4,8,10,3,2,1,4,5,1
E01019881,South Derbyshire 003D,3083,445.96,14,5,1,3,18,1,6,5,1,2,1,2,4,1
E01019882,South Derbyshire 003E,1973,480.39,37,12,1,22,49,6,8,38,6,6,1,1,12,1
E01019883,South Derbyshire 013B,3524,106.63,85,30,1,32,120,19,34,21,12,6,1,3,19,2
E01019885,South Derbyshire 013C,1815,67.01,23,3,1,9,44,1,8,3,3,3,1,2,9,1
E01032586,North East Derbyshire 014D,1699,118.34,49,6,1,10,36,8,22,10,1,3,2,1,13,1
E01033166,Derby 018F,1409,53.14,277,24,25,16,151,121,52,40,15,5,12,7,55,11
E01033167,Derby 018G,1287,34.89,203,24,3,16,167,4,28,42,17,12,8,5,36,7
E01033168,Derby 030E,1396,27.28,16,11,1,10,12,1,10,5,1,3,4,2,3,1
E01033169,Derby 030F,1806,111.21,38,8,1,22,22,2,3,3,3,2,1,1,3,1
E01033170,Derby 030G,1204,30.76,31,5,2,2,25,1,8,2,1,2,1,1,2,1
E01033171,Derby 024E,1702,117.18,166,9,8,18,58,4,18,22,8,6,10,5,24,3
E01033172,Derby 024F,1819,197.22,164,20,11,42,190,15,53,44,17,7,30,4,46,6
E01033531,South Derbyshire 012C,3948,92.86,49,11,1,18,49,2,19,10,3,2,1,3,13,1
E01033532,South Derbyshire 002F,1840,708.92,13,10,1,6,28,1,5,7,3,4,1,1,2,2
E01033533,South Derbyshire 002G,1540,25.53,12,4,1,8,33,1,9,3,2,2,1,1,5,1
E01033534,South Derbyshire 002H,1198,17.03,20,2,1,1,20,1,2,2,1,2,1,1,5,1
E01033535,South Derbyshire 013D,1535,34.08,15,2,1,8,21,1,7,4,5,2,1,2,2,1
E01033536,South Derbyshire 012D,1912,75.01,33,5,1,8,57,4,11,18,11,3,1,1,10,1
E01033537,South Derbyshire 012E,1536,92.97,36,12,1,6,51,1,19,9,2,2,2,2,5,1
E01019526,Chesterfield 001A,1336,52.71,56,7,2,9,39,1,9,5,5,3,2,1,5,1
E01019527,Chesterfield 003A,1492,778.57,57,13,1,12,52,1,23,9,2,6,1,1,8,2
E01019528,Chesterfield 001B,1509,166.9,23,7,1,14,31,5,4,5,3,3,2,2,5,1
E01019529,Chesterfield 003B,1434,38.1,47,12,1,6,47,2,14,12,8,4,1,5,14,2
E01019530,Chesterfield 003C,1469,35.69,34,7,2,6,37,1,18,7,2,3,1,1,8,1
E01019531,Chesterfield 003D,1610,79.45,68,5,4,8,64,10,11,20,1,5,2,4,8,2
E01019532,Chesterfield 005A,1145,94.25,30,14,1,2,21,1,7,9,2,4,1,1,3,1
E01019533,Chesterfield 005B,1316,199.12,23,10,1,7,32,9,5,23,2,3,1,1,6,1
E01019534,Chesterfield 005C,1481,154.64,33,5,2,4,22,1,5,4,1,2,1,1,12,1
E01019535,Chesterfield 005D,1353,105.49,20,7,1,4,23,1,6,4,2,4,1,1,5,1
E01019536,Chesterfield 005E,1803,63.78,57,12,2,5,57,2,11,7,3,1,1,1,12,1
E01019537,Chesterfield 007A,1713,43.31,31,18,1,13,44,7,14,7,5,3,1,2,9,1
E01019538,Chesterfield 010A,2030,41.35,146,15,5,13,131,2,23,25,25,4,3,3,43,6
E01019539,Chesterfield 009A,1591,36.71,25,13,1,6,28,1,7,11,2,1,1,1,4,1
E01019540,Chesterfield 009B,1448,35.56,22,21,1,17,16,3,8,14,5,2,2,1,4,1
E01019541,Chesterfield 004A,1554,96.9,16,10,2,2,43,1,16,6,7,2,1,2,3,1
E01019542,Chesterfield 004B,1645,62.3,108,45,4,14,83,18,31,25,11,2,3,2,17,2
E01019543,Chesterfield 004C,1634,232.6,58,15,2,12,89,3,23,19,8,6,1,1,8,2
E01019544,Chesterfield 004D,1584,54.29,48,13,1,8,38,105,14,9,3,4,3,1,8,1
E01019545,Chesterfield 012A,1302,31.53,45,6,2,8,57,4,14,12,5,2,1,1,15,3
E01019546,Chesterfield 012B,1444,28.11,29,7,1,2,29,1,8,6,1,1,1,2,4,1
E01019547,Chesterfield 012C,1437,49.19,67,4,1,2,51,1,23,8,2,5,1,1,6,1
E01019548,Chesterfield 012D,2289,100.94,76,30,1,7,61,10,23,30,2,4,2,2,5,1
E01019549,Chesterfield 006A,1396,352.68,88,7,1,11,41,11,13,21,3,6,1,2,14,2
E01019550,Chesterfield 006B,1640,38.08,65,8,1,2,30,1,13,6,2,2,1,1,6,1
E01019551,Chesterfield 006C,1469,98.84,8,3,1,1,15,1,3,1,2,1,1,1,2,2
E01019552,Chesterfield 006D,1332,90.18,173,10,1,3,47,14,15,4,4,6,1,2,8,2
E01019553,Chesterfield 003E,1881,47.52,50,4,1,5,29,1,18,3,1,7,1,1,2,1
E01019554,Chesterfield 010B,1276,25.5,60,10,1,12,52,6,23,13,6,5,2,2,7,1
E01019555,Chesterfield 009C,1473,28.39,50,10,1,10,34,1,14,6,4,4,2,2,7,1
E01019556,Chesterfield 010C,1503,53.12,63,6,1,11,62,33,21,15,7,3,1,2,16,2
E01019557,Chesterfield 008A,1584,57.58,60,12,3,19,37,1,10,3,3,3,2,5,9,1
E01019558,Chesterfield 008B,1313,83.18,10,3,1,6,8,1,3,3,2,3,1,1,3,1
E01019559,Chesterfield 008C,1068,46.88,13,3,1,2,33,1,4,4,1,2,1,1,1,1
E01019560,Chesterfield 008D,1334,42.9,25,10,1,12,44,5,12,10,1,3,3,2,6,1
E01019561,Chesterfield 008E,1321,29.2,100,18,3,11,93,9,40,14,8,7,1,5,6,4
E01019562,Chesterfield 008F,1168,39.29,41,9,2,9,30,1,11,8,1,1,2,3,7,1
E01019563,Chesterfield 002A,1653,263.19,67,6,1,8,74,1,16,7,6,5,2,2,16,1
E01019564,Chesterfield 002B,1574,366.03,34,5,1,6,74,1,9,9,1,4,2,3,9,1
E01019565,Chesterfield 002C,1369,202.08,38,11,1,14,32,1,12,4,4,1,1,2,4,2
E01019566,Chesterfield 002D,1810,203.26,134,13,1,6,97,18,27,41,6,4,1,3,15,3
E01019567,Chesterfield 006E,1817,105.71,94,3,2,4,60,3,20,19,2,7,1,1,13,3
E01019568,Chesterfield 002E,1508,26.01,54,9,2,3,71,1,29,13,4,6,2,3,11,1
E01019569,Chesterfield 007B,1586,70.31,182,30,2,20,108,151,39,61,17,9,5,3,46,5
E01019570,Chesterfield 007C,1239,37.25,26,14,1,6,38,1,6,5,4,2,1,1,14,1
E01019571,Chesterfield 004E,1478,35.74,95,10,2,11,53,10,18,6,2,2,3,1,7,1
E01019572,Chesterfield 001C,1379,55.88,67,10,1,3,64,1,18,11,4,3,1,2,10,3
E01019573,Chesterfield 001D,1592,366.48,51,18,1,19,46,1,15,13,3,4,1,1,7,1
E01019574,Chesterfield 001E,1335,122.88,68,38,2,23,49,5,18,23,3,5,1,2,7,1
E01019575,Chesterfield 013A,1769,27.8,64,6,1,3,77,1,24,13,6,4,1,2,19,3
E01019576,Chesterfield 013B,1697,51.94,52,13,1,9,54,1,18,11,5,5,2,4,8,2
E01019577,Chesterfield 013C,1496,48.15,52,19,2,13,42,1,16,10,9,3,1,2,11,1
E01019578,Chesterfield 013D,1600,24.45,126,8,2,10,77,11,34,20,12,3,3,5,28,3
E01019579,Chesterfield 010D,1726,75.78,102,19,4,16,94,1,23,14,11,5,5,3,17,4
E01019580,Chesterfield 007D,1644,36.67,56,10,2,5,78,4,16,17,8,6,1,2,16,1
E01019581,Chesterfield 007E,1442,32.33,54,8,1,8,41,1,14,11,2,2,2,1,12,2
E01019582,Chesterfield 012E,1469,52.97,18,5,1,10,29,3,5,2,6,6,1,1,7,2
E01019583,Chesterfield 012F,1406,45.44,29,10,1,10,10,1,6,4,1,3,1,1,7,1
E01019585,Chesterfield 012G,2285,162.94,113,13,2,19,99,2,20,24,13,8,1,5,32,3
E01019586,Chesterfield 011A,1307,30.51,17,8,1,12,17,1,6,4,3,2,1,2,3,1
E01019587,Chesterfield 011B,1302,51.8,36,12,2,5,4,7,5,16,4,2,1,2,6,1
E01019588,Chesterfield 011C,1327,40.64,5,21,1,3,4,1,1,1,1,1,1,1,2,1
E01019589,Chesterfield 011D,1277,43.95,5,7,1,5,11,1,2,2,1,2,1,1,2,1
E01019590,Chesterfield 009D,1819,62.96,19,20,1,16,22,19,6,8,5,2,3,2,1,1
E01019591,Chesterfield 009E,1598,34.18,10,18,1,4,27,1,5,7,1,1,1,2,5,1
E01019592,Chesterfield 011E,1646,126.27,28,12,1,8,19,3,6,5,3,1,2,1,4,1
E01019593,Chesterfield 011F,1201,39.9,5,11,1,3,5,1,1,2,1,3,2,1,3,1
E01033387,Chesterfield 010F,1560,96.47,637,28,10,37,389,282,119,154,117,25,8,18,191,69
E01033388,Chesterfield 010G,1642,48.72,95,12,2,8,75,13,26,21,7,1,2,3,13,2
E01019400,Amber Valley 001A,1661,79.48,57,18,2,15,70,1,18,19,5,2,2,2,5,4
E01019401,Amber Valley 001B,1784,198.99,113,30,2,10,83,72,31,21,6,5,2,2,25,10
E01019402,Amber Valley 001C,1801,56.47,34,6,1,5,49,7,19,3,6,3,1,2,6,1
E01019403,Amber Valley 003A,1545,32.19,42,13,1,7,58,12,15,17,2,2,1,2,13,2
E01019404,Amber Valley 001D,1910,89.86,109,7,3,12,107,25,25,19,8,3,2,4,23,4
E01019405,Amber Valley 007A,1609,4500.31,17,12,1,7,11,1,8,6,4,2,2,1,2,2
E01019406,Amber Valley 002A,1082,822.84,12,4,1,2,11,1,3,3,1,2,1,1,1,1
E01019407,Amber Valley 010A,1979,65.88,157,12,4,18,110,81,56,35,6,5,2,2,25,4
E01019408,Amber Valley 009A,1732,51.3,56,4,1,10,23,2,16,6,1,1,3,2,9,1
E01019409,Amber Valley 009B,1843,34.57,27,1,1,8,16,11,11,5,1,4,1,1,4,1
E01019410,Amber Valley 011A,1504,28.25,18,3,1,8,26,1,15,1,2,1,2,1,2,1
E01019411,Amber Valley 011B,1379,43.69,50,5,1,9,33,25,7,4,2,2,1,3,16,1
E01019412,Amber Valley 009C,1803,99.83,21,5,1,8,17,2,3,6,2,4,3,1,8,1
E01019413,Amber Valley 009D,1397,20.21,16,2,1,4,18,1,4,3,1,1,1,1,2,1
E01019414,Amber Valley 007B,1596,498.61,7,5,1,5,11,1,3,2,1,1,1,2,1,1
E01019415,Amber Valley 010B,1814,104.64,44,9,2,11,24,1,11,10,3,1,2,2,3,2
E01019416,Amber Valley 009E,1392,123.85,7,4,1,3,11,1,5,3,2,2,1,1,3,1
E01019417,Amber Valley 010C,2089,69.35,48,5,1,8,42,1,23,4,1,2,1,4,22,2
E01019418,Amber Valley 011C,1886,183.89,28,7,1,8,27,1,8,2,4,2,1,1,5,1
E01019419,Amber Valley 010D,1950,416.09,25,7,1,5,18,1,13,7,1,1,1,1,3,1
E01019420,Amber Valley 005A,1383,266.34,48,10,1,7,62,5,20,13,9,2,1,1,15,2
E01019421,Amber Valley 008A,2105,48.57,34,5,1,11,46,1,14,8,2,2,1,2,6,2
E01019422,Amber Valley 008B,1592,216.76,8,9,1,3,17,1,6,5,1,1,1,2,3,2
E01019423,Amber Valley 002B,1496,918.36,16,6,1,2,23,1,5,4,3,1,2,1,3,1
E01019424,Amber Valley 002C,1181,269.8,23,2,1,4,11,1,7,6,3,1,1,5,5,1
E01019425,Amber Valley 016A,1699,130.92,17,9,1,3,15,3,2,6,1,1,1,1,4,1
E01019426,Amber Valley 016B,1615,381.26,65,2,1,6,13,19,15,7,1,1,1,1,13,2
E01019427,Amber Valley 016C,1882,273.76,46,13,1,1,34,1,14,10,1,3,1,2,11,1
E01019428,Amber Valley 007C,1495,214.89,38,5,1,6,32,1,6,7,2,2,2,1,4,1
E01019429,Amber Valley 006A,1614,720.08,23,7,1,7,18,1,9,4,2,2,1,1,4,2
E01019430,Amber Valley 007D,1977,318.89,25,6,1,9,30,2,12,10,3,1,1,2,7,2
E01019431,Amber Valley 012A,1419,47.04,122,8,2,9,59,31,22,7,3,2,2,2,14,2
E01019432,Amber Valley 008C,1908,159.4,47,5,1,4,41,2,6,2,3,2,1,2,13,1
E01019433,Amber Valley 012B,2046,72.19,29,8,3,6,48,1,13,17,3,4,2,3,12,2
E01019434,Amber Valley 013A,1227,32.98,67,5,4,12,54,4,19,11,4,4,2,1,13,1
E01019435,Amber Valley 013B,1702,61.04,41,4,1,14,31,2,11,10,1,2,1,1,4,1
E01019436,Amber Valley 013C,1425,43.32,56,5,1,6,35,2,16,6,7,3,2,3,14,1
E01019437,Amber Valley 017A,1562,38.54,20,4,1,5,29,3,13,7,5,3,1,1,4,2
E01019438,Amber Valley 012C,1666,28.48,65,10,2,5,66,18,12,17,4,7,1,1,12,2
E01019439,Amber Valley 013D,1414,49.97,27,4,2,5,29,2,7,2,3,1,1,3,5,1
E01019440,Amber Valley 013E,1684,39.62,129,7,2,7,72,40,42,6,4,7,5,1,26,3
E01019441,Amber Valley 017B,1594,30.44,65,7,2,7,82,1,22,21,5,6,1,1,11,1
E01019442,Amber Valley 005B,1584,343.11,43,8,1,7,58,1,21,7,1,6,2,2,5,1
E01019443,Amber Valley 004A,1802,80.43,25,7,1,6,27,24,11,10,3,4,3,2,4,1
E01019444,Amber Valley 003B,1465,121.24,63,11,2,5,125,1,42,10,2,5,3,4,24,4
E01019445,Amber Valley 005C,1600,62.96,35,7,3,9,51,1,14,4,2,2,2,2,9,1
E01019446,Amber Valley 015A,1172,29.73,25,4,2,4,23,1,8,3,1,1,1,1,3,1
E01019447,Amber Valley 011D,1483,352.28,13,8,2,3,17,1,5,5,2,5,2,1,5,1
E01019448,Amber Valley 015B,2017,961.92,45,9,1,16,50,1,19,10,3,2,1,4,11,2
E01019449,Amber Valley 011E,1848,295.22,33,7,1,7,17,1,12,3,2,5,1,4,7,1
E01019450,Amber Valley 015C,1471,48.36,39,11,1,2,53,1,14,6,1,4,1,1,9,1
E01019451,Amber Valley 012D,2184,510.37,41,5,2,18,58,1,20,8,3,4,1,1,7,1
E01019452,Amber Valley 017C,1691,44.62,48,12,3,11,73,23,23,5,7,4,1,2,16,2
E01019453,Amber Valley 017D,2008,162.03,250,29,3,28,149,127,59,77,6,5,5,1,40,1
E01019454,Amber Valley 006B,1484,73.98,26,3,1,9,12,12,8,6,2,3,1,2,3,1
E01019455,Amber Valley 005D,1324,75.66,48,3,2,6,42,18,16,10,5,2,2,2,15,4
E01019456,Amber Valley 005E,1920,255.67,183,8,2,16,180,27,19,25,5,11,1,4,19,3
E01019457,Amber Valley 005F,1366,55.94,17,12,1,8,15,1,7,9,1,2,1,1,3,1
E01019458,Amber Valley 008D,1820,68.46,190,23,2,12,178,72,36,30,12,6,2,5,25,7
E01019459,Amber Valley 008E,1442,30.7,35,3,2,6,64,1,11,5,12,9,2,4,11,2
E01019460,Amber Valley 006C,1591,106.13,16,3,1,8,35,1,5,4,1,1,2,1,6,1
E01019461,Amber Valley 006D,1366,30.69,72,3,1,13,47,1,15,6,2,2,1,1,13,2
E01019462,Amber Valley 006E,1222,71.85,7,7,1,2,18,7,3,4,1,3,1,1,1,1
E01019463,Amber Valley 008F,1560,33.26,71,6,1,8,74,1,19,8,2,4,1,2,14,1
E01019464,Amber Valley 012E,2439,546.1,38,16,1,17,40,1,18,10,5,2,2,1,5,2
E01019465,Amber Valley 015D,1169,246.68,13,6,1,4,27,1,12,4,2,3,2,1,2,1
E01019467,Amber Valley 015E,1565,736.11,22,10,1,7,22,23,11,12,2,2,1,1,13,1
E01019468,Amber Valley 003C,1524,340.09,36,6,2,18,25,1,17,8,1,2,1,1,9,1
E01019469,Amber Valley 003D,1844,32.02,43,10,3,16,60,13,16,8,5,4,1,2,5,1
E01019470,Amber Valley 004B,1629,63.71,51,5,1,10,54,1,16,8,1,8,1,3,6,1
E01019471,Amber Valley 003E,1517,157.68,86,43,2,14,84,58,29,20,9,6,4,4,24,2
E01019472,Amber Valley 016D,3624,5037.5,32,11,2,20,35,1,9,17,7,6,1,1,7,1
E01019473,Amber Valley 004C,1241,135.13,20,6,1,11,7,3,3,7,4,1,1,3,3,1
E01019474,Amber Valley 004D,1237,29.21,9,2,1,5,8,1,3,2,1,2,1,1,2,1
E01019475,Amber Valley 004E,1240,75,37,3,1,8,37,1,10,3,2,3,2,1,7,1
E01019476,Amber Valley 004F,1413,247.57,23,3,1,4,13,2,9,15,2,1,1,1,6,1
E01019477,Amber Valley 002D,2268,2011.25,33,19,1,9,35,1,22,6,2,4,1,2,6,1
E01032613,Amber Valley 017E,1257,1182.87,101,10,2,5,38,2,8,7,11,2,2,2,10,3
E01019638,Erewash 016A,1327,31.11,19,4,1,4,16,2,6,7,1,2,1,1,3,1
E01019639,Erewash 016B,1439,35.05,56,11,3,7,56,1,17,14,1,3,2,1,9,1
E01019640,Erewash 016C,1468,71.26,11,3,1,12,18,1,7,4,1,1,1,1,2,1
E01019641,Erewash 011A,1494,156.2,18,1,1,5,19,1,5,12,3,1,2,1,6,2
E01019642,Erewash 013A,1305,242.25,42,7,2,14,28,1,8,2,1,3,1,2,6,1
E01019643,Erewash 013B,1713,407.02,18,7,2,7,20,19,7,6,2,2,4,1,4,1
E01019644,Erewash 001A,1426,23.7,87,19,2,12,132,1,44,17,10,5,3,3,20,3
E01019645,Erewash 016D,1641,32.23,33,6,4,7,54,14,18,7,3,3,1,1,7,1
E01019646,Erewash 001B,1484,47.78,130,12,6,9,116,5,36,17,15,2,1,5,23,1
E01019647,Erewash 012A,2105,56.87,146,27,6,27,130,4,54,30,12,6,26,7,24,5
E01019648,Erewash 010A,1541,33.34,36,6,1,10,22,2,13,3,2,2,1,2,5,2
E01019649,Erewash 010B,1822,23.4,28,4,2,9,24,4,14,7,1,3,1,1,3,1
E01019650,Erewash 010C,1655,42.9,105,12,2,14,73,3,44,9,3,8,1,6,13,1
E01019651,Erewash 010D,1465,25.91,40,9,3,10,35,1,11,7,1,2,5,1,1,1
E01019652,Erewash 011B,1714,44.92,36,5,5,8,15,37,13,8,4,1,2,4,11,2
E01019653,Erewash 011C,1489,49.47,35,4,3,6,21,1,11,7,4,5,5,1,3,1
E01019654,Erewash 013C,1547,357.97,85,5,2,4,29,6,11,4,5,3,2,2,8,1
E01019655,Erewash 013D,1601,229.49,38,6,1,16,35,2,15,6,1,3,2,1,10,2
E01019656,Erewash 008A,1256,1318.09,17,12,1,6,21,1,11,8,3,1,1,3,3,1
E01019657,Erewash 003A,1974,35.24,78,15,5,15,68,42,34,72,5,8,4,2,11,2
E01019658,Erewash 006A,2018,130.58,73,15,4,13,47,1,17,11,5,3,3,3,17,1
E01019659,Erewash 006B,2013,77.04,27,7,2,6,28,1,3,6,4,3,1,3,2,2
E01019660,Erewash 003B,1869,54.85,72,21,3,14,59,1,24,11,3,3,3,3,14,2
E01019661,Erewash 003C,1390,89.04,203,40,4,25,153,68,42,37,14,10,4,6,50,9
E01019662,Erewash 003D,1537,28.04,158,31,5,14,118,93,38,27,13,6,5,6,17,2
E01019663,Erewash 001C,1484,95.14,98,12,1,5,91,1,28,14,3,3,2,4,10,1
E01019664,Erewash 001D,1311,37.95,55,3,2,5,65,1,25,4,1,2,1,2,10,1
E01019665,Erewash 001E,1412,37.1,53,10,2,8,44,13,15,15,3,4,1,2,13,1
E01019666,Erewash 007A,1563,77.87,56,4,1,11,72,1,20,12,4,6,1,1,10,1
E01019667,Erewash 007B,1734,67.24,42,4,2,13,32,17,12,5,2,6,1,1,10,1
E01019668,Erewash 007C,1387,35.89,48,8,1,9,41,1,21,7,1,3,2,1,19,1
E01019669,Erewash 007D,1462,82.13,27,8,3,2,31,10,7,19,2,2,2,3,6,2
E01019670,Erewash 004A,1815,364.15,49,7,1,9,24,5,13,7,3,9,1,3,9,2
E01019671,Erewash 004B,1927,1568.59,36,11,2,16,25,4,7,11,4,3,1,3,9,1
E01019672,Erewash 003E,1880,60.92,202,47,4,17,179,86,38,33,9,16,2,6,44,4
E01019673,Erewash 005A,1329,113.34,63,4,2,7,37,2,14,20,4,4,1,1,10,2
E01019674,Erewash 006C,1170,27,30,5,1,6,33,1,16,8,1,1,1,1,6,1
E01019675,Erewash 012B,1665,34.12,45,8,5,11,53,1,25,12,6,3,3,1,15,2
E01019676,Erewash 014A,1467,26.73,20,5,1,6,33,2,8,7,2,2,2,1,3,1
E01019677,Erewash 014B,1467,32.7,21,5,3,3,39,31,15,4,3,3,6,4,3,1
E01019678,Erewash 014C,1751,59.06,16,13,3,6,30,1,4,3,2,3,3,1,6,1
E01019679,Erewash 012C,1700,45.99,51,5,1,6,47,79,14,15,5,4,11,1,8,7
E01019680,Erewash 014D,1886,41.96,22,3,1,9,15,1,4,6,2,2,1,1,4,1
E01019681,Erewash 014E,1489,364.17,32,6,1,22,31,1,17,7,2,3,4,2,6,1
E01019682,Erewash 012D,1752,39.84,217,22,9,10,149,182,52,36,15,10,26,2,36,1
E01019683,Erewash 009A,1299,134.87,20,13,1,5,23,5,5,33,2,5,1,1,5,3
E01019684,Erewash 009B,1680,72.58,35,7,1,4,17,2,6,2,1,1,1,1,6,1
E01019685,Erewash 009C,1419,86.3,28,14,2,13,23,15,8,4,1,2,3,2,6,1
E01019686,Erewash 009D,1394,524.46,11,6,1,4,10,1,1,1,1,2,1,1,1,1
E01019687,Erewash 009E,1528,38.99,33,1,1,8,30,1,14,6,2,2,1,1,9,2
E01019688,Erewash 006D,1457,31.34,59,6,1,16,63,1,24,5,3,3,3,1,11,2
E01019689,Erewash 006E,1568,36.14,27,7,1,3,37,1,12,1,4,3,1,1,2,1
E01019690,Erewash 003F,1254,18.25,20,6,1,9,41,1,6,5,1,2,1,2,4,1
E01019691,Erewash 008B,1618,207.05,27,9,2,8,35,7,25,10,1,1,2,1,9,1
E01019692,Erewash 008C,1498,73.72,70,13,3,11,62,1,20,9,2,4,2,1,10,2
E01019693,Erewash 008D,2029,31.87,74,15,4,13,57,5,17,8,3,4,2,1,9,1
E01019694,Erewash 008E,1179,40.05,22,4,1,7,9,1,5,3,2,6,1,1,2,1
E01019695,Erewash 010E,1405,42.24,20,3,1,13,23,1,8,3,2,2,1,1,9,2
E01019696,Erewash 008F,1453,49.94,40,4,1,6,21,7,6,5,4,1,5,1,3,3
E01019697,Erewash 015A,1455,65.18,20,8,2,6,28,1,9,5,2,2,3,1,5,1
E01019698,Erewash 014F,1355,137.63,16,4,2,8,18,23,8,9,2,3,2,2,6,1
E01019699,Erewash 015B,1624,34.13,38,13,2,9,50,1,13,6,3,9,1,2,12,1
E01019700,Erewash 015C,2277,89.11,43,10,6,12,66,27,16,15,4,6,6,4,10,1
E01019701,Erewash 004C,2201,487.69,32,12,1,2,51,2,8,11,3,3,1,2,11,1
E01019702,Erewash 005B,1830,86.6,14,2,1,4,12,1,5,7,1,4,1,1,2,1
E01019703,Erewash 005C,1621,142.5,33,5,1,4,21,1,6,6,1,3,1,2,9,1
E01019704,Erewash 005D,1394,1453.9,17,9,1,5,13,1,3,6,2,3,1,2,3,1
E01019705,Erewash 015D,1870,29.76,31,7,1,13,36,2,12,13,3,1,5,1,7,1
E01019706,Erewash 015E,1284,20.37,11,3,2,3,5,1,3,2,1,1,1,1,1,1
E01019707,Erewash 011D,1328,29.86,7,4,1,3,18,1,10,2,1,4,1,1,1,1
E01019708,Erewash 011E,1780,62.57,22,4,2,14,26,3,10,6,2,2,9,2,6,1
E01019709,Erewash 015F,1361,61.34,58,5,5,6,53,1,8,13,3,4,3,5,10,1
E01032614,Erewash 016E,1227,18.85,8,4,1,3,10,1,2,1,1,2,1,1,2,1
E01019478,Bolsover 001A,1560,1185.5,43,4,2,36,27,2,18,27,2,7,1,2,11,1
E01019479,Bolsover 001B,1688,169.11,27,9,1,16,17,1,7,4,4,2,1,1,3,1
E01019480,Bolsover 008A,1520,467.45,19,9,2,9,39,1,6,6,1,6,2,1,2,1
E01019481,Bolsover 009A,1238,114.66,18,5,1,3,31,2,6,4,1,6,1,1,5,1
E01019482,Bolsover 008B,1541,121.06,27,6,2,10,26,1,8,3,2,3,1,2,2,1
E01019483,Bolsover 004A,2100,123.21,206,29,4,13,147,34,52,31,5,4,3,4,29,3
E01019484,Bolsover 004B,2054,891.76,52,7,1,18,58,1,15,10,3,4,1,1,7,1
E01019485,Bolsover 004C,1416,520.66,28,10,1,15,19,5,13,4,2,7,1,1,6,1
E01019486,Bolsover 005A,993,51.45,26,9,1,3,6,1,4,2,3,2,1,1,4,1
E01019487,Bolsover 005B,1509,76.09,39,13,1,5,49,3,12,6,4,4,3,2,5,2
E01019488,Bolsover 004D,1502,96.65,104,18,3,8,57,4,28,18,4,8,1,1,11,2
E01019489,Bolsover 005C,1233,40.07,27,18,2,5,8,1,8,4,2,1,1,1,3,1
E01019490,Bolsover 005D,1235,30.56,9,8,1,5,14,1,3,1,1,1,1,1,3,1
E01019491,Bolsover 001C,2283,255.7,57,16,2,13,90,3,19,26,2,7,4,2,9,1
E01019492,Bolsover 002A,1916,57.05,21,17,1,9,40,1,10,8,3,2,1,1,5,1
E01019493,Bolsover 001D,1512,55.36,11,4,1,5,11,1,7,4,2,1,1,1,2,1
E01019494,Bolsover 001E,2769,447.47,86,13,1,11,63,26,24,20,2,15,1,2,17,3
E01019495,Bolsover 002B,1635,917.72,41,8,1,9,39,1,13,9,3,1,4,1,4,1
E01019496,Bolsover 003A,1647,583.71,40,18,1,17,24,2,13,8,3,2,1,2,10,1
E01019497,Bolsover 003B,1662,121.56,54,12,1,13,75,7,28,12,7,7,1,3,15,1
E01019498,Bolsover 003C,1966,102.52,56,26,1,10,111,4,38,14,11,6,3,4,22,2
E01019499,Bolsover 010A,1359,175.31,31,11,1,12,46,20,12,8,1,4,1,2,14,1
E01019500,Bolsover 010B,1426,195.08,62,13,1,13,69,2,16,11,4,5,1,1,17,1
E01019501,Bolsover 010C,1337,114.81,19,9,1,9,28,1,11,8,5,5,3,1,5,3
E01019502,Bolsover 005E,1615,313.47,17,7,1,10,21,1,5,1,4,2,1,2,3,1
E01019503,Bolsover 007A,2591,730.91,82,10,1,16,74,1,22,15,4,5,2,1,10,1
E01019504,Bolsover 005F,1278,539.56,37,7,1,8,17,1,7,5,3,6,1,2,6,1
E01019505,Bolsover 007B,1602,52.76,80,10,1,7,52,2,17,10,2,4,1,2,12,1
E01019506,Bolsover 007C,1492,1657.62,31,6,1,13,33,1,8,5,2,2,1,2,4,1
E01019507,Bolsover 007D,2023,75.64,179,16,1,21,171,21,36,32,7,6,4,4,35,5
E01019508,Bolsover 006A,2074,66.26,38,10,2,4,53,1,14,3,4,3,2,2,13,1
E01019509,Bolsover 006B,1410,69.14,66,9,1,7,72,1,20,12,1,7,1,1,12,1
E01019510,Bolsover 006C,1394,41.16,49,4,1,4,32,1,22,4,3,2,1,1,7,1
E01019511,Bolsover 007E,2514,351.98,57,8,4,12,92,35,19,27,12,7,9,5,7,3
E01019512,Bolsover 006D,3030,141.02,46,6,2,10,63,1,15,8,4,2,1,3,6,1
E01019513,Bolsover 010D,1723,207.71,66,10,1,54,41,106,18,31,5,5,3,2,8,6
E01019514,Bolsover 009B,1608,27.27,31,4,1,5,34,1,5,10,4,3,2,1,4,1
E01019515,Bolsover 009C,1601,32.22,40,4,1,5,46,1,14,3,3,2,1,2,3,2
E01019516,Bolsover 009D,1585,341.77,73,16,3,9,74,37,19,17,5,6,2,2,14,2
E01019517,Bolsover 010E,1785,54.88,26,7,1,7,73,1,25,7,3,2,1,1,12,2
E01019518,Bolsover 010F,1447,126.31,15,5,1,4,26,1,3,4,4,3,1,1,5,1
E01019519,Bolsover 009E,1881,42.13,62,8,1,5,36,1,10,8,2,2,1,2,6,1
E01019520,Bolsover 008C,2198,2401,64,12,1,22,50,1,9,10,13,7,1,3,7,1
E01019521,Bolsover 008D,1607,231.3,80,15,3,33,46,33,17,40,4,7,1,2,9,1
E01019522,Bolsover 008E,1818,96.96,58,14,1,8,54,9,18,16,2,3,1,3,12,2
E01019523,Bolsover 003D,1133,69.53,29,4,1,8,27,1,11,4,2,3,1,1,7,4
E01019524,Bolsover 002C,1347,1163.95,47,6,1,12,28,3,12,11,1,3,1,1,11,1
E01019525,Bolsover 002D,1448,283.97,11,7,2,10,32,1,13,7,3,1,1,2,5,2
E01019710,High Peak 010A,1994,199.05,85,22,7,9,56,3,29,26,13,5,1,9,17,1
E01019711,High Peak 006A,1278,450.02,18,8,1,7,18,1,11,8,1,4,1,1,3,1
E01019712,High Peak 008A,1530,1204.54,18,16,3,11,12,1,12,7,4,4,3,2,4,1
E01019713,High Peak 008B,1418,1590.11,16,7,1,3,19,1,8,5,2,2,1,1,5,1
E01019714,High Peak 012A,2751,5361.8,52,18,1,13,28,2,5,17,5,4,1,1,6,1
E01019715,High Peak 010B,1478,14.34,99,13,3,8,76,18,19,14,4,2,2,2,7,2
E01019716,High Peak 011A,1234,35.26,40,12,1,3,18,38,10,15,4,1,1,1,9,3
E01019717,High Peak 010C,1324,33.05,216,15,6,11,127,112,37,21,17,6,3,6,47,11
E01019718,High Peak 013E,2158,1371.51,38,13,1,5,29,5,15,10,5,5,1,2,6,2
E01019719,High Peak 013F,2127,67.78,46,1,2,6,49,5,17,10,2,4,4,1,9,2
E01019720,High Peak 013G,1501,37.46,19,4,1,3,40,8,8,3,3,1,3,3,7,1
E01019721,High Peak 013H,1408,198.93,17,5,1,2,20,1,3,2,2,2,1,2,1,1
E01019722,High Peak 010D,1773,740.55,41,17,1,12,53,5,13,19,8,4,3,2,11,1
E01019723,High Peak 010E,1838,139.69,69,15,2,5,43,3,19,16,3,6,2,1,13,2
E01019724,High Peak 011B,1240,60.66,49,2,1,5,31,6,16,11,2,2,2,1,9,2
E01019725,High Peak 012B,1499,639.1,14,7,1,5,8,4,6,3,1,2,1,1,2,1
E01019726,High Peak 012C,1375,195.04,27,8,1,4,27,1,10,6,4,3,2,1,6,1
E01019727,High Peak 004A,1927,215.18,31,18,2,10,14,1,8,8,7,2,1,1,7,1
E01019728,High Peak 002A,1176,18.29,23,7,1,11,45,3,12,7,1,3,1,2,7,2
E01019729,High Peak 002B,1331,66.58,39,8,2,3,52,1,17,7,8,4,1,3,9,1
E01019730,High Peak 002C,2040,66.84,49,10,2,6,55,28,26,10,2,7,3,2,10,1
E01019731,High Peak 002D,1229,34.49,19,6,2,5,7,7,5,9,1,2,3,1,3,1
E01019732,High Peak 002E,1521,94.2,28,5,1,6,26,2,16,6,9,1,2,3,8,1
E01019733,High Peak 001A,1412,35.96,30,10,1,5,42,1,9,12,5,2,2,4,15,2
E01019734,High Peak 006B,1973,2434.81,33,10,1,7,15,2,13,3,2,3,1,3,7,1
E01019735,High Peak 013A,1417,1363.5,23,11,2,9,12,2,10,15,3,3,2,2,6,2
E01019736,High Peak 013B,1085,16227.09,32,8,3,15,19,1,9,13,2,4,3,1,4,1
E01019737,High Peak 013C,1169,1315.95,27,14,1,8,18,1,8,10,1,1,1,1,5,2
E01019738,High Peak 003A,1466,42.13,56,3,2,10,50,44,18,48,4,2,2,3,14,3
E01019739,High Peak 003B,1795,41.37,151,16,4,15,107,59,29,53,6,7,3,4,34,5
E01019740,High Peak 003C,1124,17.06,24,3,1,2,20,1,7,3,2,1,1,2,3,1
E01019741,High Peak 013I,1096,454.05,17,6,1,4,32,1,10,4,3,2,1,1,2,1
E01019742,High Peak 013D,1059,2453.16,11,2,1,4,20,1,10,5,1,2,1,1,2,1
E01019743,High Peak 006C,1466,41.42,25,5,1,3,32,1,13,3,1,2,2,2,5,2
E01019744,High Peak 006D,1404,653.12,20,3,3,4,29,3,9,7,4,2,2,2,5,1
E01019745,High Peak 006E,1084,41.41,21,10,1,5,23,17,6,9,1,1,1,1,4,1
E01019746,High Peak 005A,1559,63.38,32,4,2,3,26,19,13,5,1,2,1,1,5,1
E01019747,High Peak 005B,1167,313.62,17,4,1,1,12,1,5,2,2,1,1,1,1,1
E01019748,High Peak 005C,1601,110.23,38,4,4,7,25,2,20,8,2,2,3,1,7,1
E01019749,High Peak 004B,1215,46.19,9,3,1,5,13,1,5,5,1,4,1,1,1,1
E01019750,High Peak 003D,1349,90.78,52,4,1,5,24,1,9,7,2,1,1,2,8,2
E01019751,High Peak 003E,2370,47.89,38,6,2,12,28,1,6,4,2,1,2,1,4,1
E01019752,High Peak 001B,1428,29.39,52,5,1,6,58,1,15,5,2,2,1,3,17,1
E01019753,High Peak 001C,1436,146,32,14,1,9,25,10,17,10,3,2,2,1,7,1
E01019754,High Peak 004C,1749,6454.24,37,14,1,14,40,1,9,14,6,2,1,2,10,1
E01019755,High Peak 005D,2027,1647.39,24,10,1,7,14,1,5,3,5,3,1,1,3,1
E01019756,High Peak 004D,1800,50.29,21,5,1,3,14,1,6,3,3,1,1,1,5,1
E01019757,High Peak 004E,1368,58.48,13,6,1,6,17,6,7,3,2,3,2,1,3,1
E01019758,High Peak 004F,1610,108.65,10,12,1,6,14,1,5,2,1,1,1,1,3,1
E01019759,High Peak 011C,1556,200.38,63,6,3,7,59,4,22,13,8,3,1,1,13,1
E01019760,High Peak 011D,1333,18.38,19,3,2,2,17,1,2,4,1,4,2,1,4,1
E01019761,High Peak 011E,1744,44.58,43,7,2,8,78,1,18,5,2,7,2,4,7,1
E01019762,High Peak 012D,1795,180.49,36,4,1,12,43,1,15,9,5,4,3,1,6,1
E01019763,High Peak 001D,2061,4802.99,38,16,1,15,36,1,24,9,5,9,3,2,6,2
E01019764,High Peak 008C,1630,725.05,14,3,1,6,30,1,4,9,2,2,1,1,6,1
E01019765,High Peak 008D,1870,145.82,38,8,1,12,39,21,21,24,4,2,3,2,10,2
E01019766,High Peak 005E,1431,377.58,23,2,1,7,23,1,9,4,1,2,2,1,8,1
E01019767,High Peak 008E,1637,161.72,15,12,1,6,20,1,4,3,1,2,1,1,4,1
E01019768,High Peak 003F,2197,135.67,61,5,1,12,54,1,25,9,5,4,1,2,14,1
